<?xml version="1.0" encoding="UTF-8" standalone="yes"?>
<addon id="repository.einthusan" name="Einthusan Kodi Repository" version="1.0.0" provider-name="Einthusan">
    <extension point="xbmc.addon.repository" name="Einthusan Kodi Repository">
        <dir>
            <info compressed="false">https://github.com/ram2141/repository.einthusan/blob/master/zips/addons.xml</info>
            <checksum>https://github.com/ram2141/repository.einthusan/blob/master/zips/addons.xml.md5</checksum>
            <datadir zip="true">https://github.com/ram2141/repository.einthusan/blob/master/zips/</datadir>
        </dir>
    </extension>
    <extension point="xbmc.addon.metadata">
        <summary>Einthusan Kodi Repository</summary>
        <description>https://ram2141.github.io/</description>
        <website>https://ram2141.github.io/</website>
        <platform>all</platform>
    </extension>
</addon>